time; pose_x; pose_y; pose_heading;  gps_x; gps_y; gps_z; acc_0; acc_1; acc_2; right_enc; left_enc; odo_acc_x; odo_acc_y; odo_acc_heading; odo_enc_x; odo_enc_y; odo_enc_heading
0.016; 0; 0; 0; 0; 0; 0; -7.84534; 0.282686; 9.78573; 0.0072; -0.0072; 0; 0; 0; 0; 0; 0
0.032; 0; 0; 0; 0; 0; 0; 0.000157199; 8.24754; 9.57853; 0.1044; 0.09; 0; 0; 0; 0; 0; 0
0.048; 0; 0; 0; 0; 0; 0; 0.000158149; -4.38398; 9.78795; 0.198; 0.1836; 0; 0; 0; 0; 0; 0
0.064; 0; 0; 0; 0; 0; 0; 0.000107586; 4.76009; 9.75453; 0.3096; 0.3132; 0; 0; 0; 0; 0; 0
0.08; 0; 0; 0; 0; 0; 0; 9.95245e-05; 0.135932; 9.81003; 0.4068; 0.4032; 0; 0; 0; 0; 0; 0
0.096; 0; 0; 0; 0; 0; 0; 5.15729e-05; 0.0970974; 9.81246; 0.5112; 0.5148; 0; 0; 0; 0; 0; 0
0.112; 0; 0; 0; 0; 0; 0; 4.29571e-05; 0.0578946; 9.81257; 0.612; 0.5976; 0; 0; 0; 0; 0; 0
0.128; 0; 0; 0; 0; 0; 0; 3.56148e-05; 0.0179972; 9.81252; 0.702; 0.7128; 0; 0; 0; 0; 0; 0
0.144; 0; 0; 0; 0; 0; 0; 2.92912e-05; -0.0220075; 9.8123; 0.8028; 0.81; 0; 0; 0; 0; 0; 0
0.16; 0; 0; 0; 0; 0; 0; 4.90925e-05; -0.0217829; 9.81143; 0.9036; 0.8892; 0; 0; 0; 0; 0; 0
0.176; 0; 0; 0; 0; 0; 0; -8.34056e-06; -0.0210432; 9.80906; 1.0116; 1.008; 0; 0; 0; 0; 0; 0
0.192; 0; 0; 0; 0; 0; 0; 1.65549e-05; -0.0198954; 9.81052; 1.098; 1.1016; 0; 0; 0; 0; 0; 0
0.208; 0; 0; 0; 0; 0; 0; 1.31769e-05; -0.018295; 9.81042; 1.206; 1.1916; 0; 0; 0; 0; 0; 0
0.224; 0; 0; 0; 0; 0; 0; 1.02126e-05; -0.016288; 9.81033; 1.3068; 1.2996; 0; 0; 0; 0; 0; 0
0.24; 0; 0; 0; 0; 0; 0; 7.64343e-06; -0.0139065; 9.81027; 1.3968; 1.3968; 0; 0; 0; 0; 0; 0
0.256; 0; 0; 0; 0; 0; 0; 4.14274e-06; -0.0112029; 9.81022; 1.5192; 1.5084; 0; 0; 0; 0; 0; 0
0.272; 0; 0; 0; 0; 0; 0; -1.98523e-06; -0.00821345; 9.81018; 1.6128; 1.6236; 0; 0; 0; 0; 0; 0
0.288; 0; 0; 0; 0; 0; 0; -8.07269e-06; -0.0049846; 9.81015; 1.7064; 1.6992; 0; 0; 0; 0; 0; 0
0.304; 0; 0; 0; 0; 0; 0; -1.4057e-05; -0.00156051; 9.81012; 1.8; 1.8072; 0; 0; 0; 0; 0; 0
0.32; 0; 0; 0; 0; 0; 0; -1.98795e-05; 0.00201534; 9.8101; 1.9008; 1.9332; 0; 0; 0; 0; 0; 0
0.336; 0; 0; 0; 0; 0; 0; -2.5489e-05; 0.00571258; 9.81008; 1.9908; 2.0088; 0; 0; 0; 0; 0; 0
0.352; 0; 0; 0; 0; 0; 0; -2.93359e-05; 0.00944202; 9.81007; 2.1132; 2.0808; 0; 0; 0; 0; 0; 0
0.368; 0; 0; 0; 0; 0; 0; -3.03425e-05; 0.0131913; 9.81005; 2.2176; 2.1852; 0; 0; 0; 0; 0; 0
0.384; 0; 0; 0; 0; 0; 0; -3.10105e-05; 0.0168974; 9.81003; 2.2896; 2.322; 0; 0; 0; 0; 0; 0
0.4; 0; 0; 0; 0; 0; 0; -3.13772e-05; 0.0205096; 9.81002; 2.43; 2.412; 0; 0; 0; 0; 0; 0
0.416; 0; 0; 0; 0; 0; 0; -3.14712e-05; 0.0239782; 9.81; 2.5092; 2.5272; 0; 0; 0; 0; 0; 0
0.432; 0; 0; 0; 0; 0; 0; -3.13153e-05; 0.0272553; 9.80999; 2.6136; 2.5956; 0; 0; 0; 0; 0; 0
0.448; 0; 0; 0; 0; 0; 0; -3.09287e-05; 0.030295; 9.80997; 2.7072; 2.7144; 0; 0; 0; 0; 0; 0
0.464; 0; 0; 0; 0; 0; 0; -3.03284e-05; 0.0330546; 9.80996; 2.8116; 2.826; 0; 0; 0; 0; 0; 0
0.48; 0; 0; 0; 0; 0; 0; -2.95299e-05; 0.035495; 9.80994; 2.9124; 2.9124; 0; 0; 0; 0; 0; 0
0.496; 0; 0; 0; 0; 0; 0; -2.39633e-05; 0.03532; 9.80996; 2.9772; 3.0096; 0; 0; 0; 0; 0; 0
0.512; 0; 0; 0; 0; 0; 0; -2.62762e-05; 0.0348042; 9.80985; 3.132; 3.1068; 0; 0; 0; 0; 0; 0
0.528; 0; 0; 0; 0; 0; 0; -2.38904e-05; 0.033935; 9.80994; 3.222; 3.2256; 0; 0; 0; 0; 0; 0
0.544; 0; 0; 0; 0; 0; 0; -2.28605e-05; 0.0327384; 9.80995; 3.3228; 3.2976; 0; 0; 0; 0; 0; 0
0.56; 0; 0; 0; 0; 0; 0; -2.16307e-05; 0.0312277; 9.80995; 3.4092; 3.4092; 0; 0; 0; 0; 0; 0
0.576; 0; 0; 0; 0; 0; 0; -2.02355e-05; 0.0294238; 9.80996; 3.5208; 3.5316; 0; 0; 0; 0; 0; 0
0.592; 0; 0; 0; 0; 0; 0; -1.87056e-05; 0.0273515; 9.80996; 3.6072; 3.6072; 0; 0; 0; 0; 0; 0
0.608; 0; 0; 0; 0; 0; 0; -1.70704e-05; 0.025039; 9.80997; 3.7224; 3.7404; 0; 0; 0; 0; 0; 0
0.624; 0; 0; 0; 0; 0; 0; -1.5358e-05; 0.0225177; 9.80998; 3.8304; 3.816; 0; 0; 0; 0; 0; 0
0.64; 0; 0; 0; 0; 0; 0; -1.35956e-05; 0.0198217; 9.80999; 3.9096; 3.9204; 0; 0; 0; 0; 0; 0
0.656; 0; 0; 0; 0; 0; 0; -1.18094e-05; 0.0169873; 9.80999; 4.0248; 4.0212; 0; 0; 0; 0; 0; 0
0.672; 0; 0; 0; 0; 0; 0; -1.00246e-05; 0.0140526; 9.81; 4.1148; 4.1256; 0; 0; 0; 0; 0; 0
0.688; 0; 0; 0; 0; 0; 0; -8.26521e-06; 0.0110568; 9.81; 4.2156; 4.2408; 0; 0; 0; 0; 0; 0
0.704; 0; 0; 0; 0; 0; 0; -6.55431e-06; 0.0080397; 9.81; 4.32; 4.32; 0; 0; 0; 0; 0; 0
0.72; 0; 0; 0; 0; 0; 0; -4.91362e-06; 0.00504122; 9.81001; 4.4208; 4.4244; 0; 0; 0; 0; 0; 0
0.736; 0; 0; 0; 0; 0; 0; -3.36373e-06; 0.00210177; 9.81001; 4.5144; 4.5; 0; 0; 0; 0; 0; 0
0.752; 0; 0; 0; 0; 0; 0; -1.90311e-06; -0.000742256; 9.81001; 4.6224; 4.6224; 0; 0; 0; 0; 0; 0
0.768; 0; 0; 0; 0; 0; 0; 3.36492e-06; -0.0034618; 9.81; 4.7412; 4.7232; 0; 0; 0; 0; 0; 0
0.784; 0; 0; 0; 0; 0; 0; 8.88792e-06; -0.00601015; 9.81; 4.8276; 4.8204; 0; 0; 0; 0; 0; 0
0.8; 0; 0; 0; 0; 0; 0; 1.44428e-05; -0.00834943; 9.81; 4.9068; 4.9068; 0; 0; 0; 0; 0; 0
0.816; 0; 0; 0; 0; 0; 0; 1.99455e-05; -0.0104387; 9.80999; 5.04; 5.0256; 0; 0; 0; 0; 0; 0
0.832; 0; 0; 0; 0; 0; 0; 2.53298e-05; -0.0122279; 9.80999; 5.13; 5.1264; 0; 0; 0; 0; 0; 0
0.848; 0; 0; 0; 0; 0; 0; 2.99926e-05; -0.0137097; 9.80999; 5.22; 5.2344; 0; 0; 0; 0; 0; 0
0.864; 0; 0; 0; 0; 0; 0; 3.10624e-05; -0.0148407; 9.80998; 5.3388; 5.3208; 0; 0; 0; 0; 0; 0
0.88; 0; 0; 0; 0; 0; 0; 3.16523e-05; -0.0155978; 9.80998; 5.436; 5.4216; 0; 0; 0; 0; 0; 0
0.896; 0; 0; 0; 0; 0; 0; 3.19585e-05; -0.0159686; 9.80998; 5.5332; 5.5368; 0; 0; 0; 0; 0; 0
0.912; 0; 0; 0; 0; 0; 0; 3.20057e-05; -0.0159439; 9.80998; 5.6268; 5.6268; 0; 0; 0; 0; 0; 0
0.928; 0; 0; 0; 0; 0; 0; 3.18137e-05; -0.0155207; 9.80998; 5.7132; 5.7348; 0; 0; 0; 0; 0; 0
0.944; 0; 0; 0; 0; 0; 0; 3.13996e-05; -0.0147021; 9.80998; 5.832; 5.8248; 0; 0; 0; 0; 0; 0
0.96; 0; 0; 0; 0; 0; 0; 3.07789e-05; -0.0134981; 9.80998; 5.922; 5.94; 0; 0; 0; 0; 0; 0
0.976; 0; 0; 0; 0; 0; 0; 2.99663e-05; -0.0119245; 9.80999; 6.048; 6.0444; 0; 0; 0; 0; 0; 0
0.992; 0; 0; 0; 0; 0; 0; 2.89764e-05; -0.0100033; 9.80999; 6.1164; 6.1308; 0; 0; 0; 0; 0; 0
1.008; 0; 0; 0; 0; 0; 0; 2.78244e-05; -0.00776234; 9.81; 6.2172; 6.2172; 0; 0; 0; 0; 0; 0
1.024; 0; 0; 0; 0; 0; 0; 2.65258e-05; -0.00523444; 9.81; 6.318; 6.3324; 0; 0; 0; 0; 0; 0
1.04; 0; 0; 0; 0; 0; 0; 2.50966e-05; -0.00245739; 9.81; 6.426; 6.4116; 0; 0; 0; 0; 0; 0
1.056; 0; 0; 0; 0; 0; 0; 2.35539e-05; 0.000526882; 9.81001; 6.5304; 6.5376; 0; 0; 0; 0; 0; 0
1.072; 0; 0; 0; 0; 0; 0; 2.1915e-05; 0.00367285; 9.81001; 6.6384; 6.6276; 0; 0; 0; 0; 0; 0
1.088; 0; 0; 0; 0; 0; 0; 2.01979e-05; 0.00693212; 9.81001; 6.732; 6.7428; 0; 0; 0; 0; 0; 0
1.104; 0; 0; 0; 0; 0; 0; 1.8421e-05; 0.0102542; 9.81; 6.8328; 6.8184; 0; 0; 0; 0; 0; 0
1.12; 0; 0; 0; 0; 0; 0; 1.66032e-05; 0.0135871; 9.81; 6.9192; 6.9228; 0; 0; 0; 0; 0; 0
1.136; 0; 0; 0; 0; 0; 0; 1.47631e-05; 0.0168786; 9.80999; 7.0416; 7.0344; 0; 0; 0; 0; 0; 0
1.152; 0; 0; 0; 0; 0; 0; 1.29197e-05; 0.0200763; 9.80999; 7.1352; 7.1352; 0; 0; 0; 0; 0; 0
1.168; 0; 0; 0; 0; 0; 0; 1.10919e-05; 0.0231291; 9.80998; 7.2396; 7.236; 0; 0; 0; 0; 0; 0
1.184; 0; 0; 0; 0; 0; 0; 9.29814e-06; 0.0259877; 9.80997; 7.3404; 7.3368; 0; 0; 0; 0; 0; 0
1.2; 0; 0; 0; 0; 0; 0; 7.5566e-06; 0.0286054; 9.80996; 7.4304; 7.416; 0; 0; 0; 0; 0; 0
1.216; 0; 0; 0; 0; 0; 0; 5.88494e-06; 0.0309388; 9.80995; 7.5276; 7.5312; 0; 0; 0; 0; 0; 0
1.232; 0; 0; 0; 0; 0; 0; 4.30013e-06; 0.0329485; 9.80994; 7.6356; 7.6248; 0; 0; 0; 0; 0; 0
1.248; 0; 0; 0; 0; 0; 0; 2.75236e-06; 0.0346016; 9.80993; 7.7436; 7.7328; 0; 0; 0; 0; 0; 0
1.264; 0; 0; 0; 0; 0; 0; 7.25032e-07; 0.0345964; 9.80994; 7.8444; 7.8336; 0; 0; 0; 0; 0; 0
1.28; 0; 0; 0; 0; 0; 0; -6.64942e-06; 0.0342032; 9.80988; 7.9488; 7.938; 0; 0; 0; 0; 0; 0
1.296; 0; 0; 0; 0; 0; 0; -1.15591e-05; 0.0334187; 9.80994; 8.0532; 8.0424; 0; 0; 0; 0; 0; 0
1.312; 0; 0; 0; 0; 0; 0; -1.72799e-05; 0.0322647; 9.80994; 8.1252; 8.1252; 0; 0; 0; 0; 0; 0
1.328; 0; 0; 0; 0; 0; 0; -2.28642e-05; 0.0307655; 9.80995; 8.2116; 8.2476; 0; 0; 0; 0; 0; 0
1.344; 0; 0; 0; 0; 0; 0; -2.81853e-05; 0.0289648; 9.80995; 8.334; 8.3304; 0; 0; 0; 0; 0; 0
1.36; 0; 0; 0; 0; 0; 0; -3.02061e-05; 0.0268532; 9.80996; 8.4312; 8.442; 0; 0; 0; 0; 0; 0
1.376; 0; 0; 0; 0; 0; 0; -3.09886e-05; 0.024506; 9.80997; 8.5392; 8.5428; 0; 0; 0; 0; 0; 0
1.392; 0; 0; 0; 0; 0; 0; -3.14643e-05; 0.02195; 9.80998; 8.64; 8.64; 0; 0; 0; 0; 0; 0
1.408; 0; 0; 0; 0; 0; 0; -3.16614e-05; 0.019227; 9.80999; 8.748; 8.7372; 0; 0; 0; 0; 0; 0
1.424; 0; 0; 0; 0; 0; 0; -3.16018e-05; 0.0163809; 9.80999; 8.8524; 8.8308; 0; 0; 0; 0; 0; 0
1.44; 0; 0; 0; 0; 0; 0; -3.13037e-05; 0.0134569; 9.81; 8.946; 8.928; 0; 0; 0; 0; 0; 0
1.456; 0; 0; 0; 0; 0; 0; -3.07832e-05; 0.0105008; 9.81; 9.0504; 9.0396; 0; 0; 0; 0; 0; 0
1.472; 0; 0; 0; 0; 0; 0; -3.00555e-05; 0.00755852; 9.81; 9.1548; 9.144; 0; 0; 0; 0; 0; 0
1.488; 0; 0; 0; 0; 0; 0; -2.91355e-05; 0.00467501; 9.81001; 9.2484; 9.252; 0; 0; 0; 0; 0; 0
1.504; 0; 0; 0; 0; 0; 0; -2.80387e-05; 0.0018939; 9.81001; 9.3492; 9.36; 0; 0; 0; 0; 0; 0
1.52; 0; 0; 0; 0; 0; 0; -2.67811e-05; -0.000743259; 9.81001; 9.4356; 9.4464; 0; 0; 0; 0; 0; 0
1.536; 0; 0; 0; 0; 0; 0; -2.53797e-05; -0.00319759; 9.81; 9.522; 9.5328; 0; 0; 0; 0; 0; 0
1.552; 0; 0; 0; 0; 0; 0; -2.38525e-05; -0.00543346; 9.81; 9.6588; 9.6264; 0; 0; 0; 0; 0; 0
1.568; 0; 0; 0; 0; 0; 0; -2.22181e-05; -0.00741896; 9.81; 9.7632; 9.7452; 0; 0; 0; 0; 0; 0
1.584; 0; 0; 0; 0; 0; 0; -2.0496e-05; -0.0091264; 9.81; 9.8388; 9.846; 0; 0; 0; 0; 0; 0
1.6; 0; 0; 0; 0; 0; 0; -1.87065e-05; -0.0105327; 9.80999; 9.9468; 9.9612; 0; 0; 0; 0; 0; 0
1.616; 0; 0; 0; 0; 0; 0; -1.68698e-05; -0.0116195; 9.80999; 10.0476; 10.0296; 0; 0; 0; 0; 0; 0
1.632; 0; 0; 0; 0; 0; 0; -1.50067e-05; -0.0123739; 9.80999; 10.1412; 10.1556; 0; 0; 0; 0; 0; 0
1.648; 0; 0; 0; 0; 0; 0; -1.31379e-05; -0.012788; 9.80999; 10.2564; 10.242; 0; 0; 0; 0; 0; 0
1.664; 0; 0; 0; 0; 0; 0; -1.12837e-05; -0.0128595; 9.80999; 10.3608; 10.35; 0; 0; 0; 0; 0; 0
1.68; 0; 0; 0; 0; 0; 0; -9.46401e-06; -0.0125913; 9.80999; 10.4508; 10.4616; 0; 0; 0; 0; 0; 0
1.696; 0; 0; 0; 0; 0; 0; -7.69818e-06; -0.0119918; 9.80999; 10.548; 10.5552; 0; 0; 0; 0; 0; 0
1.712; 0; 0; 0; 0; 0; 0; -6.00466e-06; -0.0110745; 9.80999; 10.656; 10.6452; 0; 0; 0; 0; 0; 0
1.728; 0; 0; 0; 0; 0; 0; -4.40093e-06; -0.00985772; 9.80999; 10.7424; 10.7424; 0; 0; 0; 0; 0; 0
1.744; 0; 0; 0; 0; 0; 0; -2.92984e-06; -0.00836222; 9.80999; 10.8576; 10.8468; 0; 0; 0; 0; 0; 0
1.76; 0; 0; 0; 0; 0; 0; 1.28909e-07; -0.00662755; 9.81; 10.9512; 10.944; 0; 0; 0; 0; 0; 0
1.776; 0; 0; 0; 0; 0; 0; 5.57345e-06; -0.0046747; 9.81; 11.0448; 11.052; 0; 0; 0; 0; 0; 0
1.792; 0; 0; 0; 0; 0; 0; 1.11025e-05; -0.00253446; 9.81; 11.1348; 11.1564; 0; 0; 0; 0; 0; 0
1.808; 0; 0; 0; 0; 0; 0; 1.6628e-05; -0.000234499; 9.81; 11.2392; 11.2572; 0; 0; 0; 0; 0; 0
1.824; 0; 0; 0; 0; 0; 0; 2.20706e-05; 0.00219879; 9.81; 11.3472; 11.3472; 0; 0; 0; 0; 0; 0
1.84; 0; 0; 0; 0; 0; 0; 2.7365e-05; 0.00475166; 9.81; 11.4624; 11.4516; 0; 0; 0; 0; 0; 0
1.856; 0; 0; 0; 0; 0; 0; 3.04486e-05; 0.0073513; 9.81; 11.5884; 11.5704; 0; 0; 0; 0; 0; 0
1.872; 0; 0; 0; 0; 0; 0; 3.12217e-05; 0.0100025; 9.81; 11.6604; 11.6568; 0; 0; 0; 0; 0; 0
1.888; 0; 0; 0; 0; 0; 0; 3.16972e-05; 0.0126584; 9.81; 11.7756; 11.7576; 0; 0; 0; 0; 0; 0
1.904; 0; 0; 0; 0; 0; 0; 3.19041e-05; 0.0152836; 9.80999; 11.88; 11.8548; 0; 0; 0; 0; 0; 0
1.92; 0; 0; 0; 0; 0; 0; 3.18644e-05; 0.0178432; 9.80999; 11.97; 11.9736; 0; 0; 0; 0; 0; 0
1.936; 0; 0; 0; 0; 0; 0; 3.15961e-05; 0.0203023; 9.80998; 12.06; 12.0672; 0; 0; 0; 0; 0; 0
1.952; 0; 0; 0; 0; 0; 0; 3.11142e-05; 0.0226274; 9.80998; 12.1644; 12.1608; 0; 0; 0; 0; 0; 0
1.968; 0; 0; 0; 0; 0; 0; 3.04327e-05; 0.0247861; 9.80997; 12.2544; 12.2508; 0; 0; 0; 0; 0; 0
1.984; 0; 0; 0; 0; 0; 0; 2.9565e-05; 0.0267482; 9.80996; 12.3588; 12.3588; 0; 0; 0; 0; 0; 0
2; 0; 0; 0; 0; 0; 0; 2.85245e-05; 0.0284858; 9.80996; 12.4488; 12.4632; 5.29646e-06; -7.66117e-09; 0; 0.001944; 0; -0.00505263
2.016; 0; 0; 0; 0; 0; 0; 2.73252e-05; 0.0299735; 9.80995; 12.5676; 12.5532; 1.62703e-05; -2.26765e-08; 0; 0.00403197; -1.05498e-05; 0.00505263
2.032; 0; 0; 0; 0; 0; 0; 2.59817e-05; 0.0311895; 9.80995; 12.6396; 12.6648; 3.32327e-05; -4.4702e-08; 0; 0.00586795; -1.27326e-06; -0.00884211
2.048; 0; 0; 0; 0; 0; 0; 2.45096e-05; 0.0321152; 9.80994; 12.7728; 12.7548; 5.64207e-05; -7.33608e-08; 0; 0.00809986; -2.10086e-05; 0.00631579
2.064; 0; 0; 0; 0; 0; 0; 2.29252e-05; 0.0327359; 9.80994; 12.8556; 12.8412; 8.59932e-05; -1.08247e-07; 0; 0.00979183; -1.03223e-05; 0.00505263
2.08; 0; 0; 0; 0; 0; 0; 2.12459e-05; 0.0330408; 9.80994; 12.9636; 12.9672; 0.000122028; -1.48932e-07; 0; 0.0121318; 1.50077e-06; -0.00126316
2.096; 0; 0; 0; 0; 0; 0; 1.94899e-05; 0.0330235; 9.80994; 13.0716; 13.0716; 0.000164521; -1.94965e-07; 0; 0.0142558; -1.18217e-06; 8.89046e-18
2.112; 0; 0; 0; 0; 0; 0; 1.76759e-05; 0.0326817; 9.80994; 13.1508; 13.176; 0.000213385; -2.45881e-07; 0; 0.0160918; -1.18217e-06; -0.00884211
2.128; 0; 0; 0; 0; 0; 0; 1.58232e-05; 0.0320177; 9.80994; 13.2552; 13.266; 0.00026845; -3.01207e-07; 0; 0.0180357; -1.8371e-05; -0.00378947
2.144; 0; 0; 0; 0; 0; 0; 1.39517e-05; 0.031038; 9.80995; 13.3596; 13.3632; 0.000329464; -3.60464e-07; 0; 0.0200517; -2.60106e-05; -0.00126316
2.16; 0; 0; 0; 0; 0; 0; 1.20813e-05; 0.0297534; 9.80995; 13.4568; 13.4604; 0.000396099; -4.23173e-07; 0; 0.0219957; -2.84661e-05; -0.00126316
2.176; 0; 0; 0; 0; 0; 0; 1.0232e-05; 0.0281791; 9.80996; 13.5756; 13.5648; 0.000467952; -4.88859e-07; 0; 0.0242277; -3.12855e-05; 0.00378947
2.192; 0; 0; 0; 0; 0; 0; 8.42373e-06; 0.026334; 9.80996; 13.6728; 13.6656; 0.000544551; -5.57062e-07; 0; 0.0262077; -2.37824e-05; 0.00252632
2.208; 0; 0; 0; 0; 0; 0; 6.67587e-06; 0.024241; 9.80997; 13.7736; 13.77; 0.00062536; -6.27332e-07; 0; 0.0282597; -1.85984e-05; 0.00126316
2.224; 0; 0; 0; 0; 0; 0; 5.00734e-06; 0.0219263; 9.80998; 13.8564; 13.8816; 0.000709786; -6.99242e-07; 0; 0.0302037; -1.61428e-05; -0.00884211
2.24; 0; 0; 0; 0; 0; 0; 3.43235e-06; 0.0194223; 9.80998; 13.968; 13.9752; 0.000797188; -7.72391e-07; 0; 0.0322556; -3.42866e-05; -0.00252632
2.256; 0; 0; 0; 0; 0; 0; 1.59464e-06; 0.0167493; 9.80999; 14.0688; 14.058; 0.000886882; -8.46306e-07; 0; 0.0340916; -3.89249e-05; 0.00378947
2.272; 0; 0; 0; 0; 0; 0; -3.84562e-06; 0.0139486; 9.80999; 14.1768; 14.1624; 0.000978151; -9.19596e-07; 0; 0.0362156; -3.0876e-05; 0.00505263
2.288; 0; 0; 0; 0; 0; 0; -9.39875e-06; 0.0110591; 9.81; 14.238; 14.2632; 0.00107025; -9.90839e-07; 0; 0.0378356; -2.26908e-05; -0.00884211
2.304; 0; 0; 0; 0; 0; 0; -1.49721e-05; 0.00812646; 9.81; 14.3856; 14.382; 0.00116244; -1.05861e-06; 0; 0.0404995; -4.62459e-05; 0.00126316
2.32; 0; 0; 0; 0; 0; 0; -2.04828e-05; 0.0052008; 9.81001; 14.472; 14.4756; 0.00125397; -1.12149e-06; 0; 0.0422995; -4.39722e-05; -0.00126316
2.336; 0; 0; 0; 0; 0; 0; -2.58593e-05; 0.0023483; 9.81001; 14.58; 14.5476; 0.0013441; -1.17811e-06; 0; 0.0440995; -4.62459e-05; 0.0113684
2.352; 0; 0; 0; 0; 0; 0; -3.01902e-05; -0.000422596; 9.81001; 14.6556; 14.67; 0.00143212; -1.22737e-06; 0; 0.0460793; -2.37369e-05; -0.00505263
2.368; 0; 0; 0; 0; 0; 0; -3.107e-05; -0.00302858; 9.81; 14.7564; 14.7852; 0.00151738; -1.26903e-06; 0; 0.0482393; -3.46505e-05; -0.0101053
2.384; 0; 0; 0; 0; 0; 0; -3.16368e-05; -0.00543832; 9.81; 14.8608; 14.8644; 0.00159924; -1.30294e-06; 0; 0.0500752; -5.32035e-05; -0.00126316
2.4; 0; 0; 0; 0; 0; 0; -3.19215e-05; -0.00761181; 9.81; 14.9688; 14.9904; 0.00167716; -1.32905e-06; 0; 0.0524152; -5.61593e-05; -0.00757895
2.416; 0; 0; 0; 0; 0; 0; -3.19474e-05; -0.00951305; 9.81; 15.0588; 15.084; 0.00175065; -1.34733e-06; 0; 0.0542511; -7.00741e-05; -0.00884211
2.432; 0; 0; 0; 0; 0; 0; -3.17338e-05; -0.0111105; 9.80999; 15.1776; 15.1812; 0.0018193; -1.35785e-06; 0; 0.0564111; -8.91728e-05; -0.00126316
2.448; 0; 0; 0; 0; 0; 0; -3.12972e-05; -0.0123777; 9.80999; 15.264; 15.2784; 0.00188279; -1.36072e-06; 0; 0.0582471; -9.14919e-05; -0.00505263
2.464; 0; 0; 0; 0; 0; 0; -3.06528e-05; -0.0132935; 9.80999; 15.3684; 15.3576; 0.00194088; -1.3561e-06; 0; 0.060083; -0.000100769; 0.00378947
2.48; 0; 0; 0; 0; 0; 0; -2.98153e-05; -0.0138426; 9.80998; 15.498; 15.4764; 0.00199342; -1.34421e-06; 0; 0.062567; -9.13555e-05; 0.00757895
2.496; 0; 0; 0; 0; 0; 0; -2.87997e-05; -0.0140157; 9.80998; 15.5772; 15.5772; 0.00204039; -1.3253e-06; 0; 0.064367; -7.77135e-05; 7.80626e-18
2.512; 0; 0; 0; 0; 0; 0; -2.76214e-05; -0.0138094; 9.80998; 15.6816; 15.6744; 0.00208182; -1.29968e-06; 0; 0.066383; -7.77135e-05; 0.00252632
2.528; 0; 0; 0; 0; 0; 0; -2.62964e-05; -0.0132268; 9.80999; 15.7608; 15.768; 0.00211787; -1.26768e-06; 0; 0.068111; -7.33481e-05; -0.00252632
2.544; 0; 0; 0; 0; 0; 0; -2.48417e-05; -0.0122767; 9.80999; 15.8616; 15.8832; 0.00214878; -1.22969e-06; 0; 0.070271; -7.88049e-05; -0.00757895
2.56; 0; 0; 0; 0; 0; 0; -2.32747e-05; -0.0109742; 9.80999; 15.9768; 16.002; 0.00217488; -1.18609e-06; 0; 0.0726109; -9.65395e-05; -0.00884211
2.576; 0; 0; 0; 0; 0; 0; -2.16136e-05; -0.00934004; 9.80999; 16.0776; 16.056; 0.0021966; -1.13732e-06; 0; 0.0741588; -0.000110227; 0.00757895
2.592; 0; 0; 0; 0; 0; 0; -1.98773e-05; -0.00740018; 9.81; 16.182; 16.1532; 0.00221443; -1.08383e-06; 0; 0.0761748; -9.49478e-05; 0.0101053
2.608; 0; 0; 0; 0; 0; 0; -1.80849e-05; -0.00518571; 9.81; 16.3044; 16.2612; 0.00222894; -1.02606e-06; 0; 0.0784787; -7.16657e-05; 0.0151579
2.624; 0; 0; 0; 0; 0; 0; -1.62556e-05; -0.00273218; 9.81; 16.3584; 16.3872; 0.00224075; -9.64487e-07; 0; 0.0802784; -4.43826e-05; -0.0101053
2.64; 0; 0; 0; 0; 0; 0; -1.4409e-05; -7.90732e-05; 9.81; 16.4736; 16.47; 0.00225054; -8.99586e-07; 0; 0.0822583; -6.43906e-05; 0.00126316
2.656; 0; 0; 0; 0; 0; 0; -1.25642e-05; 0.00273082; 9.81; 16.596; 16.5852; 0.00225904; -8.31827e-07; 0; 0.0846343; -6.13894e-05; 0.00378947
2.672; 0; 0; 0; 0; 0; 0; -1.07403e-05; 0.00565203; 9.81; 16.6716; 16.6752; 0.00226698; -7.61678e-07; 0; 0.0862903; -5.5114e-05; -0.00126316
2.688; 0; 0; 0; 0; 0; 0; -8.95587e-06; 0.00863714; 9.81; 16.7796; 16.7904; 0.00227515; -6.89595e-07; 0; 0.0885223; -5.79334e-05; -0.00378947
2.704; 0; 0; 0; 0; 0; 0; -7.22906e-06; 0.0116375; 9.81; 16.884; 16.8912; 0.00228429; -6.1602e-07; 0; 0.0905743; -6.57094e-05; -0.00252632
2.72; 0; 0; 0; 0; 0; 0; -5.57721e-06; 0.0146041; 9.81; 16.9812; 16.9884; 0.00229518; -5.41376e-07; 0; 0.0925183; -7.06205e-05; -0.00252632
2.736; 0; 0; 0; 0; 0; 0; -4.01686e-06; 0.0174881; 9.80999; 17.0892; 17.082; 0.00230855; -4.66063e-07; 0; 0.0945343; -7.57136e-05; 0.00252632
2.752; 0; 0; 0; 0; 0; 0; -2.5286e-06; 0.0202436; 9.80998; 17.1864; 17.1828; 0.00232511; -3.90461e-07; 0; 0.0965143; -7.07115e-05; 0.00126316
2.768; 0; 0; 0; 0; 0; 0; 2.14346e-06; 0.0228114; 9.80998; 17.28; 17.2764; 0.00234551; -3.15767e-07; 0; 0.0983863; -6.83468e-05; 0.00126316
2.784; 0; 0; 0; 0; 0; 0; 7.6421e-06; 0.025162; 9.80997; 17.3844; 17.3808; 0.00237036; -2.43389e-07; 0; 0.100474; -6.57094e-05; 0.00126316
2.8; 0; 0; 0; 0; 0; 0; 1.31909e-05; 0.0272595; 9.80996; 17.4924; 17.4672; 0.00240019; -1.74746e-07; 0; 0.102418; -6.32538e-05; 0.00884211
2.816; 0; 0; 0; 0; 0; 0; 1.87056e-05; 0.0290781; 9.80995; 17.5968; 17.5932; 0.00243546; -1.1125e-07; 0; 0.104722; -4.28818e-05; 0.00126316
2.832; 0; 0; 0; 0; 0; 0; 2.41078e-05; 0.0306016; 9.80995; 17.6904; 17.6868; 0.00247658; -5.42853e-08; 0; 0.106594; -4.05172e-05; 0.00126316
2.848; 0; 0; 0; 0; 0; 0; 2.91688e-05; 0.0318221; 9.80994; 17.7732; 17.7588; 0.00252384; -5.14646e-09; 0; 0.108142; -3.85618e-05; 0.00505263
2.864; 0; 0; 0; 0; 0; 0; 3.06769e-05; 0.0326942; 9.80994; 17.8524; 17.8812; 0.00257748; 3.57802e-08; 0; 0.110158; -2.83758e-05; -0.0101053
2.88; 0; 0; 0; 0; 0; 0; 3.13379e-05; 0.0332436; 9.80994; 17.9856; 17.9964; 0.00263764; 6.83255e-08; 0; 0.112642; -5.34768e-05; -0.00378947
2.896; 0; 0; 0; 0; 0; 0; 3.17142e-05; 0.0334552; 9.80994; 18.0864; 18.09; 0.00270436; 9.23931e-08; 0; 0.114586; -6.08435e-05; -0.00126316
2.912; 0; 0; 0; 0; 0; 0; 3.18303e-05; 0.03333; 9.80994; 18.1872; 18.1872; 0.00277762; 1.07953e-07; 0; 0.116566; -6.33446e-05; 9.97466e-18
2.928; 0; 0; 0; 0; 0; 0; 3.17054e-05; 0.0328732; 9.80994; 18.2844; 18.288; 0.00285729; 1.15038e-07; 0; 0.118546; -6.33446e-05; -0.00126316
2.944; 0; 0; 0; 0; 0; 0; 3.13552e-05; 0.0320947; 9.80994; 18.3852; 18.4032; 0.00294319; 1.13737e-07; 0; 0.120706; -6.6073e-05; -0.00631579
2.96; 0; 0; 0; 0; 0; 0; 3.07936e-05; 0.0310085; 9.80995; 18.4896; 18.4824; 0.00303503; 1.04194e-07; 0; 0.122542; -7.76687e-05; 0.00252632
2.976; 0; 0; 0; 0; 0; 0; 3.00338e-05; 0.0296326; 9.80995; 18.5724; 18.5904; 0.00313247; 8.66029e-08; 0; 0.12445; -7.28485e-05; -0.00631579
2.992; 0; 0; 0; 0; 0; 0; 2.90889e-05; 0.0279889; 9.80996; 18.6876; 18.6948; 0.00323507; 6.12066e-08; 0; 0.126646; -8.67179e-05; -0.00252632
3.008; 0; 0; 0; 0; 0; 0; 2.79728e-05; 0.0261025; 9.80996; 18.7812; 18.7776; 0.00334235; 2.82903e-08; 0; 0.12841; -9.11743e-05; 0.00126316
3.024; 0; 0; 0; 0; 0; 0; 0.0149608; -1.47351; 9.8052; 18.8568; 18.8748; 0.00307043; -3.83494e-06; 0; 0.130138; -8.89916e-05; -0.00631579
3.04; 0; 0; 0; 0; 0; 0; 0.0910887; -0.0076348; 9.81044; 18.9252; 18.9972; 0.00279455; -3.10172e-05; 0; 0.132046; -0.000101042; -0.0252632
3.056; 0; 0; 0; 0; 0; 0; 0.0929904; 0.0278195; 9.80655; 18.972; 19.0908; 0.0025238; -8.20054e-05; 0; 0.133449; -0.000136508; -0.0416842
3.072; 0; 0; 0; 0; 0; 0; 0.0916329; 0.0631212; 9.81068; 19.044; 19.2024; 0.00226721; -0.000156452; 0; 0.135284; -0.000213018; -0.0555789
3.088; 0; 0; 0; 0; 0; 0; 0.0876944; 0.057604; 9.80943; 19.0872; 19.2888; 0.00202337; -0.000253349; 0; 0.136578; -0.000285011; -0.0707368
3.104; 0; 0; 0; 0; 0; 0; 0.0854741; 0.0571703; 9.80805; 19.1844; 19.386; 0.00179217; -0.000372127; 0; 0.138517; -0.000422409; -0.0707368
3.12; 0; 0; 0; 0; 0; 0; 0.0858402; 0.0447126; 9.80979; 19.242; 19.5012; 0.00157043; -0.000512881; 0; 0.140241; -0.00054454; -0.0909474
3.136; 0; 0; 0; 0; 0; 0; 0.0855472; 0.0368239; 9.80989; 19.3104; 19.6092; 0.00135611; -0.000675535; 0; 0.141997; -0.00070475; -0.104842
3.152; 0; 0; 0; 0; 0; 0; 0.085264; 0.0290308; 9.80999; 19.3716; 19.6956; 0.00114723; -0.000860017; 0; 0.143465; -0.000859214; -0.113684
3.168; 0; 0; 0; 0; 0; 0; 0.085045; 0.0209553; 9.81006; 19.4256; 19.8216; 0.000941719; -0.00106627; 0; 0.145254; -0.0010634; -0.138947
3.184; 0; 0; 0; 0; 0; 0; 0.0848037; 0.0132447; 9.81013; 19.4832; 19.8864; 0.000737602; -0.00129424; 0; 0.146466; -0.00123293; -0.141474
3.2; 0; 0; 0; 0; 0; 0; 0.0846765; 0.00514371; 9.81017; 19.5552; 19.998; 0.000532806; -0.00154388; 0; 0.148284; -0.00149181; -0.155368
3.216; 0; 0; 0; 0; 0; 0; 0.0847282; -0.00374995; 9.81019; 19.6308; 20.1096; 0.000325054; -0.00181521; 0; 0.150133; -0.00178149; -0.168
3.232; 0; 0; 0; 0; 0; 0; 0.0849136; -0.0126528; 9.81019; 19.6884; 20.1888; 0.000112067; -0.00210828; 0; 0.151482; -0.00201024; -0.175579
3.248; 0; 0; 0; 0; 0; 0; 0.0845303; -0.0215813; 9.81017; 19.7568; 20.3112; -0.000108441; -0.00242299; 0; 0.15336; -0.00234352; -0.194526
3.264; 0; 0; 0; 0; 0; 0; 0.0855482; -0.0199237; 9.81023; 19.8072; 20.4156; -0.000336045; -0.0027596; 0; 0.154879; -0.00264275; -0.213474
3.28; 0; 0; 0; 0; 0; 0; 0.0859514; -0.0180124; 9.8097; 19.8864; 20.4804; -0.000570256; -0.00311822; 0; 0.156286; -0.00294783; -0.208421
3.296; 0; 0; 0; 0; 0; 0; 0.0860261; -0.016044; 9.8101; 19.9512; 20.5992; -0.00081057; -0.00349886; 0; 0.158083; -0.00332772; -0.227368
3.312; 0; 0; 0; 0; 0; 0; 0.0861099; -0.0139574; 9.81009; 20.0196; 20.7036; -0.00105645; -0.00390154; 0; 0.159766; -0.00371724; -0.24
3.328; 0; 0; 0; 0; 0; 0; 0.0861865; -0.0117951; 9.81008; 20.0556; 20.8116; -0.00130735; -0.00432629; 0; 0.161165; -0.00405953; -0.265263
3.344; 0; 0; 0; 0; 0; 0; 0.0862545; -0.00959295; 9.81006; 20.1384; 20.9088; -0.0015627; -0.00477312; 0; 0.162902; -0.00453142; -0.270316
3.36; 0; 0; 0; 0; 0; 0; 0.0863131; -0.00738731; 9.81005; 20.1636; 20.9844; -0.00182194; -0.00524204; 0; 0.163873; -0.0048006; -0.288
3.376; 0; 0; 0; 0; 0; 0; 0.0863621; -0.00521447; 9.81004; 20.2716; 21.0996; -0.00208451; -0.00573308; 0; 0.166014; -0.00543456; -0.290526
3.392; 0; 0; 0; 0; 0; 0; 0.0864017; -0.00311024; 9.81003; 20.3256; 21.2256; -0.00234987; -0.00624623; 0; 0.167738; -0.00595018; -0.315789
3.408; 0; 0; 0; 0; 0; 0; 0.0864323; -0.00110944; 9.81002; 20.3904; 21.3084; -0.00261751; -0.00678151; 0; 0.169141; -0.00640858; -0.322105
3.424; 0; 0; 0; 0; 0; 0; 0.0864546; 0.000754639; 9.81001; 20.4444; 21.4056; -0.00288695; -0.00733892; 0; 0.170575; -0.00688723; -0.337263
3.44; 0; 0; 0; 0; 0; 0; 0.0864693; 0.00245069; 9.81; 20.52; 21.4992; -0.00315776; -0.00791847; 0; 0.172172; -0.00744712; -0.343579
3.456; 0; 0; 0; 0; 0; 0; 0.0864771; 0.00394993; 9.80999; 20.5956; 21.5964; -0.00342956; -0.00852016; 0; 0.173799; -0.00802921; -0.351158
3.472; 0; 0; 0; 0; 0; 0; 0.0864791; 0.00522653; 9.80999; 20.6316; 21.6828; -0.00370201; -0.00914399; 0; 0.174948; -0.00845025; -0.368842
3.488; 0; 0; 0; 0; 0; 0; 0.0864759; 0.00625808; 9.80998; 20.7072; 21.7944; -0.00397486; -0.00978995; 0; 0.176694; -0.00912517; -0.381474
3.504; 0; 0; 0; 0; 0; 0; 0.0864685; 0.0070259; 9.80998; 20.7612; 21.9132; -0.00424791; -0.0104581; 0; 0.178298; -0.00976849; -0.404211
3.52; 0; 0; 0; 0; 0; 0; 0.0864576; 0.00751544; 9.80997; 20.8368; 22.0068; -0.00452102; -0.0111483; 0; 0.179854; -0.0104339; -0.410526
3.536; 0; 0; 0; 0; 0; 0; 0.0864441; 0.00771651; 9.80997; 20.8908; 22.122; -0.00479416; -0.0118607; 0; 0.181405; -0.0111092; -0.432
3.552; 0; 0; 0; 0; 0; 0; 0.0864286; 0.00762345; 9.80997; 20.9736; 22.2156; -0.00506734; -0.0125951; 0; 0.183007; -0.0118478; -0.435789
3.568; 0; 0; 0; 0; 0; 0; 0.0864119; 0.00723529; 9.80997; 21.0312; 22.3164; -0.00534067; -0.0133518; 0; 0.184443; -0.0125164; -0.450947
3.584; 0; 0; 0; 0; 0; 0; 0.0863945; 0.00655583; 9.80997; 21.0816; 22.4208; -0.00561431; -0.0141305; 0; 0.185836; -0.0131911; -0.469895
3.6; 0; 0; 0; 0; 0; 0; 0.086377; 0.00559353; 9.80997; 21.168; 22.5108; -0.00588852; -0.0149313; 0; 0.187409; -0.0139898; -0.471158
3.616; 0; 0; 0; 0; 0; 0; 0.08636; 0.00436151; 9.80997; 21.2616; 22.5972; -0.0061636; -0.0157543; 0; 0.189013; -0.0148068; -0.468632
3.632; 0; 0; 0; 0; 0; 0; 0.086344; 0.00287732; 9.80997; 21.2832; 22.7052; -0.00643995; -0.0165993; 0; 0.190169; -0.0153922; -0.498947
3.648; 0; 0; 0; 0; 0; 0; 0.0863293; 0.00116272; 9.80997; 21.3444; 22.8096; -0.00671799; -0.0174665; 0; 0.191624; -0.0161846; -0.514105
3.664; 0; 0; 0; 0; 0; 0; 0.0863164; -0.000756643; 9.80997; 21.4092; 22.8888; -0.00699823; -0.0183558; 0; 0.192877; -0.0168927; -0.519158
3.68; 0; 0; 0; 0; 0; 0; 0.0863056; -0.00285161; 9.80997; 21.4848; 23.0076; -0.00728119; -0.0192671; 0; 0.194565; -0.0178572; -0.534316
3.696; 0; 0; 0; 0; 0; 0; 0.0862971; -0.00508995; 9.80997; 21.5388; 23.1084; -0.00756745; -0.0202005; 0; 0.195897; -0.0186456; -0.550737
3.712; 0; 0; 0; 0; 0; 0; 0.0862912; -0.00743685; 9.80997; 21.6036; 23.2056; -0.0078576; -0.0211561; 0; 0.197278; -0.0194933; -0.562105
3.728; 0; 0; 0; 0; 0; 0; 0.0862879; -0.00985543; 9.80996; 21.6828; 23.3352; -0.00815228; -0.0221337; 0; 0.199045; -0.0206062; -0.579789
3.744; 0; 0; 0; 0; 0; 0; 0.0862875; -0.0123074; 9.80996; 21.7404; 23.3964; -0.0084521; -0.0231334; 0; 0.200039; -0.021257; -0.581053
3.76; 0; 0; 0; 0; 0; 0; 0.0864521; -0.0123337; 9.81; 21.8124; 23.526; -0.00875708; -0.0241553; 0; 0.201724; -0.0223636; -0.601263
3.776; 0; 0; 0; 0; 0; 0; 0.0865124; -0.0122908; 9.80986; 21.8772; 23.6232; -0.0090672; -0.0251992; 0; 0.20306; -0.02328; -0.612632
3.792; 0; 0; 0; 0; 0; 0; 0.0865042; -0.0122539; 9.80996; 21.9204; 23.6916; -0.00938245; -0.0262654; 0; 0.203973; -0.0239217; -0.621474
3.808; 0; 0; 0; 0; 0; 0; 0.0864966; -0.0121998; 9.80996; 21.9852; 23.8176; -0.00970282; -0.0273537; 0; 0.205524; -0.0250326; -0.642947
3.824; 0; 0; 0; 0; 0; 0; 0.0864903; -0.0121269; 9.80996; 22.05; 23.9076; -0.0100283; -0.0284641; 0; 0.206763; -0.0259608; -0.651789
3.84; 0; 0; 0; 0; 0; 0; 0.0864853; -0.0120321; 9.80996; 22.1292; 24.012; -0.0103588; -0.0295967; 0; 0.208222; -0.0270745; -0.660632
3.856; 0; 0; 0; 0; 0; 0; 0.0864815; -0.0119128; 9.80996; 22.1796; 24.0984; -0.0106944; -0.0307514; 0; 0.209303; -0.0279139; -0.673263
3.872; 0; 0; 0; 0; 0; 0; 0.0864788; -0.0117665; 9.80996; 22.2408; 24.2136; -0.011035; -0.0319282; 0; 0.210682; -0.0290138; -0.692211
3.888; 0; 0; 0; 0; 0; 0; 0.0864771; -0.0115912; 9.80996; 22.3128; 24.318; -0.0113806; -0.0331272; 0; 0.21204; -0.0301397; -0.703579
3.904; 0; 0; 0; 0; 0; 0; 0.0864764; -0.0113855; 9.80996; 22.3956; 24.4152; -0.0117311; -0.0343483; 0; 0.213412; -0.0313042; -0.708632
3.92; 0; 0; 0; 0; 0; 0; 0.0890752; -0.00871456; 9.80996; 22.4208; 24.5268; -0.0120858; -0.0355922; 0; 0.214451; -0.0321945; -0.738947
3.936; 0; 0; 0; 0; 0; 0; 0.0865263; -0.0106231; 9.80996; 22.518; 24.6168; -0.0124452; -0.0368583; 0; 0.215835; -0.0334553; -0.736421
3.952; 0; 0; 0; 0; 0; 0; 0.0865272; -0.0102135; 9.80996; 22.5828; 24.7284; -0.0128092; -0.0381465; 0; 0.217141; -0.0346401; -0.752842
3.968; 0; 0; 0; 0; 0; 0; 0.0865292; -0.00977628; 9.80996; 22.644; 24.8364; -0.0131778; -0.0394569; 0; 0.218376; -0.0357969; -0.769263
3.984; 0; 0; 0; 0; 0; 0; 0.0865317; -0.00931531; 9.80996; 22.6764; 24.9012; -0.0135507; -0.0407894; 0; 0.219075; -0.0364731; -0.780632
4; 0; 0; 0; 0; 0; 0; 0.0865346; -0.00883456; 9.80996; 22.752; 25.038; -0.0139278; -0.0421441; 0; 0.220584; -0.0379678; -0.802105
4.016; 0; 0; 0; 0; 0; 0; 0.0865376; -0.00833859; 9.80996; 22.806; 25.1136; -0.0143091; -0.0435209; 0; 0.221485; -0.0388994; -0.809684
4.032; 0; 0; 0; 0; 0; 0; 0.0865408; -0.0078325; 9.80996; 22.8924; 25.2144; -0.0146944; -0.0449199; 0; 0.222776; -0.0402548; -0.814737
4.048; 0; 0; 0; 0; 0; 0; 0.0865441; -0.00732184; 9.80996; 22.9428; 25.3224; -0.0150836; -0.0463411; 0; 0.223862; -0.0414073; -0.834947
4.064; 0; 0; 0; 0; 0; 0; 0.0865474; -0.00681259; 9.80996; 23.0112; 25.4232; -0.0154765; -0.0477844; 0; 0.224998; -0.0426615; -0.846316
4.08; 0; 0; 0; 0; 0; 0; 0.0865507; -0.00631098; 9.80996; 23.0724; 25.5204; -0.015873; -0.0492498; 0; 0.226048; -0.0438476; -0.858947
4.096; 0; 0; 0; 0; 0; 0; 0.086554; -0.00582348; 9.80996; 23.1228; 25.6032; -0.016273; -0.0507375; 0; 0.226918; -0.0448562; -0.870316
4.112; 0; 0; 0; 0; 0; 0; 0.0865572; -0.00535661; 9.80996; 23.2128; 25.722; -0.0166764; -0.0522472; 0; 0.228264; -0.0464525; -0.880421
4.128; 0; 0; 0; 0; 0; 0; 0.0865604; -0.0049169; 9.80996; 23.2848; 25.8336; -0.017083; -0.0537792; 0; 0.229433; -0.0478681; -0.894316
4.144; 0; 0; 0; 0; 0; 0; 0.0865635; -0.00451072; 9.80996; 23.3352; 25.9272; -0.0174928; -0.0553333; 0; 0.230335; -0.048991; -0.909474
4.16; 0; 0; 0; 0; 0; 0; 0.0865665; -0.00414419; 9.80996; 23.4072; 26.0316; -0.0179056; -0.0569095; 0; 0.231418; -0.0503831; -0.920842
4.176; 0; 0; 0; 0; 0; 0; 0.0865695; -0.00382306; 9.80996; 23.4756; 26.1252; -0.0183214; -0.058508; 0; 0.232398; -0.0516728; -0.929684
4.192; 0; 0; 0; 0; 0; 0; 0.0865726; -0.0035526; 9.80996; 23.508; 26.2224; -0.0187401; -0.0601285; 0; 0.233173; -0.0527114; -0.952421
4.208; 0; 0; 0; 0; 0; 0; 0.0865756; -0.0033375; 9.80996; 23.5944; 26.334; -0.0191617; -0.0617713; 0; 0.234321; -0.0543248; -0.961263
4.224; 0; 0; 0; 0; 0; 0; 0.0865788; -0.0031818; 9.80996; 23.6556; 26.4384; -0.0195861; -0.0634362; 0; 0.235269; -0.0556826; -0.976421
4.24; 0; 0; 0; 0; 0; 0; 0.086582; -0.00308876; 9.80996; 23.724; 26.5356; -0.0200132; -0.0651233; 0; 0.236197; -0.0570546; -0.986526
4.256; 0; 0; 0; 0; 0; 0; 0.0865854; -0.00306082; 9.80996; 23.7816; 26.64; -0.0204432; -0.0668325; 0; 0.23709; -0.0584058; -1.00295
4.272; 0; 0; 0; 0; 0; 0; 0.0839465; -0.00751245; 9.80996; 23.8356; 26.73; -0.020877; -0.0685633; 0; 0.237865; -0.0596198; -1.01558
4.288; 0; 0; 0; 0; 0; 0; 0.0865233; -0.00369479; 9.80996; 23.9364; 26.8272; -0.0213138; -0.0703161; 0; 0.238908; -0.0613024; -1.01432
4.304; 0; 0; 0; 0; 0; 0; 0.0865297; -0.00407045; 9.80996; 23.9688; 26.9244; -0.0217537; -0.0720912; 0; 0.239593; -0.0624029; -1.03705
4.32; 0; 0; 0; 0; 0; 0; 0.0865353; -0.00450919; 9.80996; 24.0444; 27.036; -0.0221967; -0.0738884; 0; 0.240545; -0.0640145; -1.04968
4.336; 0; 0; 0; 0; 0; 0; 0.0865411; -0.00500443; 9.80996; 24.0912; 27.1224; -0.0226429; -0.0757077; 0; 0.241209; -0.0651697; -1.06358
4.352; 0; 0; 0; 0; 0; 0; 0.0865473; -0.00555041; 9.80996; 24.1632; 27.234; -0.0230926; -0.0775492; 0; 0.2421; -0.0667745; -1.07747
4.368; 0; 0; 0; 0; 0; 0; 0.0865539; -0.00614063; 9.80996; 24.2388; 27.3276; -0.0235459; -0.0794129; 0; 0.242902; -0.0682648; -1.08379
4.384; 0; 0; 0; 0; 0; 0; 0.0865609; -0.00676791; 9.80996; 24.2964; 27.4464; -0.0240029; -0.0812987; 0; 0.243727; -0.0698237; -1.10526
4.4; 0; 0; 0; 0; 0; 0; 0.0865684; -0.00742448; 9.80996; 24.3612; 27.5256; -0.0244637; -0.0832067; 0; 0.244374; -0.0711105; -1.11032
4.416; 0; 0; 0; 0; 0; 0; 0.0865762; -0.00810209; 9.80996; 24.4296; 27.6408; -0.0249287; -0.0851368; 0; 0.245189; -0.0727552; -1.12674
4.432; 0; 0; 0; 0; 0; 0; 0.0865845; -0.00879215; 9.80996; 24.4872; 27.72; -0.0253979; -0.0870891; 0; 0.245777; -0.0739905; -1.13432
4.448; 0; 0; 0; 0; 0; 0; 0.0865931; -0.00948575; 9.80996; 24.5556; 27.8172; -0.0258715; -0.0890636; 0; 0.246477; -0.0754913; -1.14442
4.464; 0; 0; 0; 0; 0; 0; 0.0866022; -0.0101739; 9.80996; 24.6096; 27.9144; -0.0263497; -0.0910603; 0; 0.247103; -0.0768679; -1.15958
4.48; 0; 0; 0; 0; 0; 0; 0.0866117; -0.0108475; 9.80996; 24.6996; 28.0224; -0.0268327; -0.0930791; 0; 0.247894; -0.0786829; -1.16589
4.496; 0; 0; 0; 0; 0; 0; 0.0866215; -0.0114977; 9.80996; 24.7464; 28.1124; -0.0273206; -0.0951201; 0; 0.248433; -0.0799402; -1.18105
4.512; 0; 0; 0; 0; 0; 0; 0.0866318; -0.0121157; 9.80996; 24.804; 28.2276; -0.0278137; -0.0971833; 0; 0.249089; -0.0815387; -1.20126
4.528; 0; 0; 0; 0; 0; 0; 0.0866423; -0.0126931; 9.80996; 24.8796; 28.3392; -0.0283119; -0.0992686; 0; 0.249766; -0.0832843; -1.21389
4.544; 0; 0; 0; 0; 0; 0; 0.0866946; -0.0126144; 9.80997; 24.9408; 28.4328; -0.0288154; -0.101376; 0; 0.250306; -0.0847347; -1.22526
4.56; 0; 0; 0; 0; 0; 0; 0.089243; -0.00475615; 9.80994; 24.9948; 28.5408; -0.0293221; -0.103507; 0; 0.250855; -0.086259; -1.24421
4.576; 0; 0; 0; 0; 0; 0; 0.0868541; -0.0113019; 9.80996; 25.0632; 28.6524; -0.0298337; -0.105659; 0; 0.251433; -0.0879638; -1.25937
4.592; 0; 0; 0; 0; 0; 0; 0.0868649; -0.0106997; 9.80996; 25.1352; 28.7316; -0.0303501; -0.107834; 0; 0.251896; -0.0894031; -1.26189
4.608; 0; 0; 0; 0; 0; 0; 0.086878; -0.0100489; 9.80996; 25.2036; 28.8108; -0.030871; -0.110031; 0; 0.252345; -0.0908093; -1.26568
4.624; 0; 0; 0; 0; 0; 0; 0.086892; -0.00936212; 9.80996; 25.272; 28.944; -0.0313963; -0.112251; 0; 0.25295; -0.0927321; -1.28842
4.64; 0; 0; 0; 0; 0; 0; 0.086907; -0.00864628; 9.80996; 25.3188; 29.052; -0.0319258; -0.114492; 0; 0.253381; -0.0942188; -1.30989
4.656; 0; 0; 0; 0; 0; 0; 0.0869231; -0.00790821; 9.80996; 25.3872; 29.1276; -0.0324593; -0.116756; 0; 0.253753; -0.0956101; -1.31242
4.672; 0; 0; 0; 0; 0; 0; 0.0869407; -0.00715443; 9.80996; 25.4304; 29.2248; -0.0329967; -0.119042; 0; 0.254112; -0.0969675; -1.33137
4.688; 0; 0; 0; 0; 0; 0; 0.0869601; -0.00639095; 9.80996; 25.4844; 29.3436; -0.0335376; -0.121351; 0; 0.254521; -0.0986462; -1.35411
4.704; 0; 0; 0; 0; 0; 0; 0.0869817; -0.00562312; 9.80996; 25.5672; 29.4372; -0.0340821; -0.123681; 0; 0.254901; -0.100369; -1.35789
4.72; 0; 0; 0; 0; 0; 0; 0.087006; -0.00485535; 9.80996; 25.6392; 29.5596; -0.0346297; -0.126034; 0; 0.255311; -0.102269; -1.37558
4.736; 0; 0; 0; 0; 0; 0; 0.0870337; -0.00409084; 9.80996; 25.7148; 29.6352; -0.0351804; -0.128409; 0; 0.255605; -0.103752; -1.37558
4.752; 0; 0; 0; 0; 0; 0; 0.0870654; -0.00333115; 9.80996; 25.7616; 29.736; -0.035734; -0.130807; 0; 0.255891; -0.1052; -1.39453
4.768; 0; 0; 0; 0; 0; 0; 0.0871024; -0.00257572; 9.80996; 25.83; 29.8296; -0.0362902; -0.133227; 0; 0.256175; -0.106795; -1.40337
4.784; 0; 0; 0; 0; 0; 0; 0.0871458; -0.00182106; 9.80996; 25.8948; 29.9556; -0.0368489; -0.135669; 0; 0.256493; -0.108677; -1.42484
4.8; 0; 0; 0; 0; 0; 0; 0.0871974; -0.00105962; 9.80996; 25.9632; 30.06; -0.0374098; -0.138133; 0; 0.256744; -0.110386; -1.43747
4.816; 0; 0; 0; 0; 0; 0; 0.0872593; -0.000277931; 9.80996; 26.0316; 30.1356; -0.0379728; -0.14062; 0; 0.256936; -0.111813; -1.44
4.832; 0; 0; 0; 0; 0; 0; 0.0873347; 0.00054645; 9.80996; 26.0892; 30.2364; -0.0385377; -0.143129; 0; 0.257142; -0.113384; -1.45516
4.848; 0; 0; 0; 0; 0; 0; 0.0874279; 0.00145034; 9.80996; 26.1576; 30.348; -0.0391041; -0.14566; 0; 0.25735; -0.115172; -1.47032
4.864; 0; 0; 0; 0; 0; 0; 0.0875451; 0.00249489; 9.80996; 26.2044; 30.4272; -0.039672; -0.148214; 0; 0.257477; -0.116425; -1.48168
4.88; 0; 0; 0; 0; 0; 0; 0.0876956; 0.00378544; 9.80996; 26.2692; 30.5496; -0.0402409; -0.150791; 0; 0.257643; -0.11829; -1.50189
4.896; 0; 0; 0; 0; 0; 0; 0.087894; 0.00551408; 9.80996; 26.3412; 30.6324; -0.0408103; -0.15339; 0; 0.25775; -0.119834; -1.50568
4.912; 0; 0; 0; 0; 0; 0; 0.0881642; 0.00806005; 9.80996; 26.406; 30.7512; -0.0413797; -0.156011; 0; 0.257869; -0.121666; -1.52463
4.928; 0; 0; 0; 0; 0; 0; 0.0885473; 0.0122526; 9.80996; 26.4636; 30.8448; -0.0419479; -0.158655; 0; 0.257939; -0.123177; -1.53726
4.944; 0; 0; 0; 0; 0; 0; 0.0891149; 0.0201089; 9.80995; 26.5248; 30.9492; -0.042513; -0.161322; 0; 0.257994; -0.124832; -1.55242
4.96; 0; 0; 0; 0; 0; 0; 0.0899741; 0.0359489; 9.80994; 26.5968; 31.0536; -0.0430709; -0.164012; 0; 0.258027; -0.126596; -1.56379
4.976; 0; 0; 0; 0; 0; 0; 0.0908558; 0.00802198; 9.80995; 26.6508; 31.1436; -0.0436287; -0.166725; 0; 0.258037; -0.128036; -1.57642
4.992; 0; 0; 0; 0; 0; 0; 0.0926916; -0.0308406; 9.80997; 26.7228; 31.2516; -0.0441965; -0.169462; 0; 0.258027; -0.129836; -1.58905
5.008; 0; 0; 0; 0; 0; 0; 0.0914741; -0.0262137; 9.80997; 26.7912; 31.3452; -0.0447729; -0.172222; 0; 0.257997; -0.131455; -1.59789
5.024; 0; 0; 0; 0; 0; 0; 0.0814912; 1.49689; 9.8028; 26.8812; 31.4424; -0.0449681; -0.175004; 0; 0.257947; -0.133327; -1.60042
5.04; 0; 0; 0; 0; 0; 0; -0.00410632; 0.0426969; 9.80894; 27.0036; 31.5468; -0.0451544; -0.177784; 0; 0.257879; -0.135594; -1.59411
5.056; 0; 0; 0; 0; 0; 0; -0.00246156; 0.0107802; 9.80718; 27.1008; 31.6476; -0.0453399; -0.180563; 0; 0.257833; -0.137573; -1.59537
5.072; 0; 0; 0; 0; 0; 0; -0.0014544; -0.0246331; 9.8112; 27.2052; 31.7628; -0.0455337; -0.183343; 0; 0.257779; -0.139768; -1.59916
5.088; 0; 0; 0; 0; 0; 0; -0.000621391; -0.0238393; 9.81069; 27.2988; 31.8528; -0.0457356; -0.186122; 0; 0.257727; -0.141604; -1.59789
5.104; 0; 0; 0; 0; 0; 0; 0.00388918; -0.0204959; 9.80869; 27.4068; 31.9536; -0.0459448; -0.188902; 0; 0.257671; -0.143691; -1.59537
5.12; 0; 0; 0; 0; 0; 0; 0.000326972; -0.0191005; 9.81005; 27.4896; 32.04; -0.0461609; -0.191682; 0; 0.257629; -0.145382; -1.59663
5.136; 0; 0; 0; 0; 0; 0; 0.000703549; -0.0170183; 9.81; 27.576; 32.1444; -0.0463833; -0.194462; 0; 0.25758; -0.14729; -1.60295
5.152; 0; 0; 0; 0; 0; 0; 0.000914839; -0.0136294; 9.80996; 27.6876; 32.256; -0.0466111; -0.197242; 0; 0.257508; -0.149521; -1.60295
5.168; 0; 0; 0; 0; 0; 0; 0.00106704; -0.0104269; 9.80994; 27.7812; 32.346; -0.0468437; -0.200023; 0; 0.257449; -0.151356; -1.60168
5.184; 0; 0; 0; 0; 0; 0; 0.00113627; -0.00693407; 9.80992; 27.9072; 32.4612; -0.04708; -0.202804; 0; 0.257375; -0.153767; -1.59789
5.2; 0; 0; 0; 0; 0; 0; 0.00114262; -0.00319346; 9.80992; 27.99; 32.5332; -0.0473191; -0.205586; 0; 0.257333; -0.155314; -1.59411
5.216; 0; 0; 0; 0; 0; 0; 0.00110349; 0.000745215; 9.80991; 28.0908; 32.6592; -0.0475601; -0.208367; 0; 0.25728; -0.157581; -1.60295
5.232; 0; 0; 0; 0; 0; 0; 0.0010334; 0.00482662; 9.80991; 28.1952; 32.7528; -0.0478018; -0.211149; 0; 0.257216; -0.15956; -1.59916
5.248; 0; 0; 0; 0; 0; 0; 0.000944416; 0.00895862; 9.80991; 28.3032; 32.8536; -0.0480432; -0.213931; 0; 0.257157; -0.161647; -1.59663
5.264; 0; 0; 0; 0; 0; 0; 0.000843532; 0.0131283; 9.80991; 28.4004; 32.9544; -0.0482832; -0.216714; 0; 0.257106; -0.163627; -1.59789
5.28; 0; 0; 0; 0; 0; 0; 0.00073897; 0.0172617; 9.80991; 28.494; 33.0732; -0.0485208; -0.219496; 0; 0.257048; -0.16575; -1.60674
5.296; 0; 0; 0; 0; 0; 0; 0.000636406; 0.0212896; 9.80991; 28.6056; 33.1632; -0.048755; -0.222279; 0; 0.256976; -0.167765; -1.59916
5.312; 0; 0; 0; 0; 0; 0; 0.000539385; 0.0251542; 9.80991; 28.7136; 33.264; -0.0489847; -0.225062; 0; 0.256917; -0.169852; -1.59663
5.328; 0; 0; 0; 0; 0; 0; 0.000499845; 0.0282836; 9.80991; 28.8; 33.3648; -0.0492092; -0.227845; 0; 0.256868; -0.171723; -1.60168
5.344; 0; 0; 0; 0; 0; 0; 0.000454126; 0.032186; 9.8099; 28.9116; 33.4404; -0.0494274; -0.230628; 0; 0.25681; -0.173594; -1.58905
5.36; 0; 0; 0; 0; 0; 0; 0.000369038; 0.0352545; 9.80989; 29.0232; 33.5448; -0.0496386; -0.233411; 0; 0.256771; -0.175754; -1.58653
5.376; 0; 0; 0; 0; 0; 0; 0.000302525; 0.0351434; 9.80992; 29.1096; 33.6564; -0.0498428; -0.236194; 0; 0.25674; -0.177734; -1.59537
5.392; 0; 0; 0; 0; 0; 0; 0.000245962; 0.0346857; 9.80979; 29.1924; 33.7644; -0.0500401; -0.238978; 0; 0.256693; -0.179641; -1.60421
5.408; 0; 0; 0; 0; 0; 0; 0.000192841; 0.0338602; 9.80991; 29.2788; 33.8508; -0.0502308; -0.241761; 0; 0.256635; -0.181368; -1.60421
5.424; 0; 0; 0; 0; 0; 0; 0.000150381; 0.0326958; 9.80992; 29.4012; 33.9624; -0.050415; -0.244545; 0; 0.256557; -0.183707; -1.60042
5.44; 0; 0; 0; 0; 0; 0; 0.000115426; 0.0312039; 9.80993; 29.5092; 34.0596; -0.0505933; -0.247328; 0; 0.256496; -0.185758; -1.59663
5.456; 0; 0; 0; 0; 0; 0; 8.70153e-05; 0.0294048; 9.80994; 29.592; 34.1496; -0.0507661; -0.250111; 0; 0.256452; -0.187485; -1.59916
5.472; 0; 0; 0; 0; 0; 0; 6.50252e-05; 0.0272986; 9.80995; 29.7072; 34.254; -0.0509338; -0.252895; 0; 0.256389; -0.189681; -1.59537
5.488; 0; 0; 0; 0; 0; 0; 4.87294e-05; 0.0249398; 9.80996; 29.8116; 34.38; -0.0510972; -0.255678; 0; 0.256333; -0.191984; -1.60295
5.504; 0; 0; 0; 0; 0; 0; 3.67185e-05; 0.0223736; 9.80997; 29.916; 34.452; -0.0512568; -0.258462; 0; 0.256276; -0.193747; -1.59158
5.52; 0; 0; 0; 0; 0; 0; 2.80649e-05; 0.0196222; 9.80998; 29.9916; 34.5528; -0.0514134; -0.261246; 0; 0.256239; -0.195511; -1.60042
5.536; 0; 0; 0; 0; 0; 0; 2.21227e-05; 0.0167288; 9.80999; 30.0996; 34.6644; -0.0515677; -0.264029; 0; 0.256174; -0.197706; -1.60168
5.552; 0; 0; 0; 0; 0; 0; 1.83341e-05; 0.0137401; 9.80999; 30.2148; 34.7616; -0.0517205; -0.266813; 0; 0.256109; -0.199829; -1.59537
5.568; 0; 0; 0; 0; 0; 0; 1.52665e-05; 0.0107318; 9.81; 30.3048; 34.8624; -0.0518726; -0.269596; 0; 0.256062; -0.201736; -1.59916
5.584; 0; 0; 0; 0; 0; 0; 1.26927e-05; 0.00770776; 9.81; 30.4056; 34.9776; -0.0520246; -0.27238; 0; 0.256001; -0.203895; -1.60421
5.6; 0; 0; 0; 0; 0; 0; 1.09123e-05; 0.00471757; 9.81; 30.5172; 35.0712; -0.0521775; -0.275163; 0; 0.255932; -0.205946; -1.59789
5.616; 0; 0; 0; 0; 0; 0; 9.84369e-06; 0.00181877; 9.81001; 30.6072; 35.172; -0.0523319; -0.277947; 0; 0.25588; -0.207853; -1.60168
5.632; 0; 0; 0; 0; 0; 0; 9.29696e-06; -0.000945356; 9.81; 30.7152; 35.2764; -0.0524885; -0.28073; 0; 0.255815; -0.209976; -1.60042
5.648; 0; 0; 0; 0; 0; 0; 9.11955e-06; -0.00353395; 9.81; 30.8052; 35.3628; -0.052648; -0.283514; 0; 0.255762; -0.21174; -1.59916
5.664; 0; 0; 0; 0; 0; 0; 9.1909e-06; -0.00590922; 9.81; 30.9096; 35.4708; -0.0528111; -0.286297; 0; 0.255702; -0.213863; -1.60042
5.68; 0; 0; 0; 0; 0; 0; 9.41709e-06; -0.00803696; 9.81; 30.996; 35.5716; -0.0529782; -0.289081; 0; 0.255647; -0.215734; -1.60547
5.696; 0; 0; 0; 0; 0; 0; 9.72604e-06; -0.00988707; 9.80999; 31.1148; 35.6796; -0.0531498; -0.291865; 0; 0.255568; -0.218; -1.60168
5.712; 0; 0; 0; 0; 0; 0; 1.55226e-05; -0.0115912; 9.80999; 31.2264; 35.7516; -0.0533263; -0.294648; 0; 0.255511; -0.219836; -1.58779
5.728; 0; 0; 0; 0; 0; 0; -3.92805e-06; -0.0125943; 9.80999; 31.3128; 35.8632; -0.0535081; -0.297432; 0; 0.255478; -0.221815; -1.59663
5.744; 0; 0; 0; 0; 0; 0; 2.04252e-06; -0.0134748; 9.80999; 31.428; 35.9712; -0.0536954; -0.300215; 0; 0.25542; -0.224047; -1.59411
5.76; 0; 0; 0; 0; 0; 0; 9.58644e-06; -0.0140451; 9.80998; 31.5216; 36.0504; -0.0538882; -0.302999; 0; 0.25538; -0.225774; -1.58905
5.776; 0; 0; 0; 0; 0; 0; 1.18723e-05; -0.0142265; 9.80998; 31.6152; 36.1764; -0.0540867; -0.305782; 0; 0.25534; -0.22797; -1.60042
5.792; 0; 0; 0; 0; 0; 0; 1.40235e-05; -0.0140525; 9.80998; 31.7124; 36.2844; -0.0542907; -0.308566; 0; 0.255279; -0.230021; -1.60421
5.808; 0; 0; 0; 0; 0; 0; 1.61902e-05; -0.0135272; 9.80998; 31.8132; 36.3564; -0.0545003; -0.31135; 0; 0.255221; -0.231748; -1.59411
5.824; 0; 0; 0; 0; 0; 0; 1.83344e-05; -0.0126567; 9.80999; 31.9392; 36.4716; -0.054715; -0.314133; 0; 0.255165; -0.234159; -1.59032
5.84; 0; 0; 0; 0; 0; 0; 2.04213e-05; -0.0114508; 9.80999; 32.0076; 36.5832; -0.0549347; -0.316917; 0; 0.25513; -0.235959; -1.60547
5.856; 0; 0; 0; 0; 0; 0; 2.34307e-05; -0.00995462; 9.80999; 32.1228; 36.6588; -0.0551589; -0.3197; 0; 0.255064; -0.237866; -1.59158
5.872; 0; 0; 0; 0; 0; 0; 2.41934e-05; -0.00814217; 9.80999; 32.2092; 36.7848; -0.0553873; -0.322484; 0; 0.25502; -0.239989; -1.60547
5.888; 0; 0; 0; 0; 0; 0; 2.39489e-05; -0.00604878; 9.81; 32.3208; 36.8784; -0.0556191; -0.325268; 0; 0.254948; -0.24204; -1.59916
5.904; 0; 0; 0; 0; 0; 0; 2.35464e-05; -0.00371484; 9.81; 32.4396; 36.9684; -0.0558539; -0.328051; 0; 0.254889; -0.244127; -1.58905
5.92; 0; 0; 0; 0; 0; 0; 2.29993e-05; -0.00117473; 9.81; 32.5188; 37.1088; -0.056091; -0.330835; 0; 0.254849; -0.246323; -1.61053
5.936; 0; 0; 0; 0; 0; 0; 2.23186e-05; 0.00153374; 9.81; 32.6304; 37.1808; -0.0563297; -0.333618; 0; 0.254776; -0.248157; -1.59663
5.952; 0; 0; 0; 0; 0; 0; 2.15138e-05; 0.00436987; 9.81; 32.7204; 37.26; -0.0565693; -0.336402; 0; 0.254733; -0.249849; -1.59284
5.968; 0; 0; 0; 0; 0; 0; 2.01504e-05; 0.00730322; 9.81; 32.814; 37.368; -0.056809; -0.339186; 0; 0.254688; -0.251864; -1.59789
5.984; 0; 0; 0; 0; 0; 0; 1.75054e-05; 0.0102918; 9.81; 32.9076; 37.4868; -0.0570481; -0.341969; 0; 0.254631; -0.253988; -1.60674
6; 0; 0;